Session ID,Time Spent (min),Pages Visited,Products Viewed,Added to Cart,Purchased,Age,Location,Device Type,Order Amount,Payment Method,Shipping Time (days)
SES5000,56.06,6,8,5,2,60,India,Desktop,399.48,Credit Card,10
SES5001,59.63,12,7,1,1,31,UK,Mobile,290.76,Apple Pay,4
SES5002,54.44,13,9,3,0,61,India,Mobile,0,None,0
SES5003,21,11,1,0,0,35,UK,Mobile,0,None,0
SES5004,25.16,1,10,8,4,21,UK,Tablet,1640.41,Credit Card,3
SES5005,30.23,2,10,6,5,42,USA,Tablet,1164.82,PayPal,8
SES5006,32.23,3,10,1,1,61,Germany,Mobile,190.37,Credit Card,6
SES5007,49.23,1,1,1,0,36,Germany,Tablet,0,None,0
SES5008,46.35,9,10,5,4,38,UK,Desktop,1188.88,Credit Card,4
SES5009,25.56,12,10,0,0,55,Canada,Tablet,0,None,0
SES5010,33.17,15,5,1,1,50,Germany,Tablet,404.31,Credit Card,9
SES5011,50.42,3,6,5,3,51,India,Tablet,900.13,Apple Pay,1
SES5012,24.36,8,8,1,1,36,Germany,Desktop,192.61,PayPal,5
SES5013,50.01,6,4,4,2,54,Canada,Mobile,914.74,Google Pay,3
SES5014,6.1,9,6,2,2,33,USA,Desktop,106.15,Google Pay,4
SES5015,43.48,11,3,0,0,44,India,Mobile,0,None,0
SES5016,30.21,1,10,8,4,20,India,Mobile,419.36,Apple Pay,6
SES5017,54.91,3,3,0,0,56,USA,Tablet,0,None,0
SES5018,1.1,4,7,3,1,44,USA,Desktop,54.7,Google Pay,1
SES5019,37.47,15,7,6,1,63,UK,Mobile,231.48,PayPal,10
SES5020,52.69,14,9,3,1,52,India,Desktop,495.58,Google Pay,1
SES5021,22.08,7,6,1,0,59,UK,Desktop,0,None,0
SES5022,46.14,7,5,4,1,63,Canada,Desktop,21.44,PayPal,6
SES5023,50.49,9,4,2,0,56,Canada,Tablet,0,None,0
SES5024,45.87,15,5,1,1,48,India,Desktop,357.25,Credit Card,9
SES5025,7.79,9,10,8,6,50,UK,Mobile,360.6,PayPal,6
SES5026,12.87,1,10,2,2,56,India,Desktop,407.59,Google Pay,10
SES5027,32.53,12,2,1,1,25,Germany,Tablet,27.66,Credit Card,3
SES5028,30.3,11,10,5,2,62,Canada,Desktop,728.39,Google Pay,6
SES5029,9.05,4,8,0,0,46,Germany,Mobile,0,None,0
SES5030,13.65,11,9,7,4,63,India,Mobile,1694.19,PayPal,6
SES5031,41.1,9,6,6,5,41,India,Tablet,2481.04,Google Pay,8
SES5032,51.89,3,3,0,0,34,USA,Desktop,0,None,0
SES5033,24.05,13,8,8,2,55,India,Desktop,175.3,Credit Card,10
SES5034,27.06,13,1,1,0,49,UK,Desktop,0,None,0
SES5035,18.21,14,3,3,1,55,UK,Desktop,370.32,Google Pay,4
SES5036,53.03,9,9,1,1,48,Germany,Tablet,401.11,Google Pay,7
SES5037,25.76,11,8,6,3,40,Germany,Desktop,1132.14,PayPal,8
SES5038,38.49,15,6,2,0,26,USA,Desktop,0,None,0
SES5039,28.12,1,4,0,0,32,Germany,Tablet,0,None,0
SES5040,20.01,12,1,1,0,40,USA,Desktop,0,None,0
SES5041,35.64,15,9,5,0,19,USA,Tablet,0,None,0
SES5042,7.91,6,4,1,0,54,Canada,Mobile,0,None,0
SES5043,21.93,6,5,4,0,48,UK,Desktop,0,None,0
SES5044,30.56,9,4,1,1,46,India,Mobile,233.09,PayPal,8
SES5045,9.56,13,1,0,0,35,UK,Mobile,0,None,0
SES5046,2.99,11,1,0,0,54,Germany,Desktop,0,None,0
SES5047,16.55,5,4,4,2,35,Canada,Tablet,817.16,Google Pay,2
SES5048,54.24,7,6,0,0,23,Germany,Tablet,0,None,0
SES5049,52.55,7,9,3,0,38,Germany,Mobile,0,None,0
SES5050,15.52,7,3,0,0,41,India,Tablet,0,None,0
SES5051,13.2,12,5,3,1,54,India,Desktop,480.02,Credit Card,3
SES5052,54.96,12,8,0,0,64,India,Mobile,0,None,0
SES5053,34.2,9,2,1,1,45,Germany,Mobile,397.05,Google Pay,9
SES5054,20.79,4,3,0,0,22,USA,Tablet,0,None,0
SES5055,49.34,1,7,4,0,64,Canada,Tablet,0,None,0
SES5056,29.16,3,10,4,1,47,Germany,Desktop,96.35,PayPal,2
SES5057,48.92,6,6,3,0,52,India,Desktop,0,None,0
SES5058,26.75,1,4,4,2,43,UK,Mobile,430.9,Google Pay,3
SES5059,14.31,1,1,0,0,59,USA,Desktop,0,None,0
SES5060,13.22,5,4,0,0,30,Germany,Desktop,0,None,0
SES5061,56.21,3,10,5,3,20,UK,Mobile,240.71,Credit Card,3
SES5062,30.05,11,4,3,1,31,UK,Desktop,7.21,Google Pay,3
SES5063,33.56,2,1,0,0,35,Germany,Desktop,0,None,0
SES5064,39.67,5,4,2,2,53,USA,Mobile,234.09,Google Pay,5
SES5065,27.98,7,1,0,0,45,Germany,Tablet,0,None,0
SES5066,15.52,1,5,5,4,32,USA,Mobile,1389.34,PayPal,6
SES5067,34.86,10,8,3,0,23,India,Tablet,0,None,0
SES5068,26.12,8,10,0,0,21,USA,Tablet,0,None,0
SES5069,1.82,6,5,1,1,65,Germany,Mobile,309.55,Credit Card,9
SES5070,15.78,7,4,1,1,22,Canada,Desktop,94.67,PayPal,3
SES5071,44.69,3,2,0,0,18,Germany,Desktop,0,None,0
SES5072,46.68,10,6,4,4,22,USA,Desktop,556.15,Google Pay,7
SES5073,22.89,11,8,2,2,27,Canada,Tablet,243.02,Credit Card,4
SES5074,29.59,15,8,7,6,31,UK,Desktop,834.76,Google Pay,8
SES5075,14.51,14,9,8,8,28,UK,Desktop,3198.73,Google Pay,6
SES5076,33.88,14,5,0,0,43,India,Desktop,0,None,0
SES5077,11.95,8,4,1,1,57,UK,Tablet,27.36,Google Pay,4
SES5078,33.77,10,7,6,5,23,Germany,Tablet,1473.98,Google Pay,10
SES5079,27.22,6,7,4,3,18,UK,Desktop,401.11,Google Pay,10
SES5080,19.2,1,9,1,0,23,Canada,Tablet,0,None,0
SES5081,55.96,14,1,1,1,56,UK,Tablet,111.38,PayPal,3
SES5082,18.46,13,7,5,0,31,India,Mobile,0,None,0
SES5083,20.13,10,8,3,3,20,Canada,Desktop,1023.42,Google Pay,1
SES5084,24.32,9,4,2,1,48,USA,Desktop,193.15,Credit Card,3
SES5085,57.56,5,6,1,0,62,India,Desktop,0,None,0
SES5086,55.49,9,5,1,0,61,India,Desktop,0,None,0
SES5087,51.58,1,9,9,4,49,UK,Desktop,1373.82,Credit Card,3
SES5088,35.88,4,10,3,1,24,India,Mobile,386.46,Credit Card,5
SES5089,26.29,1,9,6,4,55,Germany,Desktop,1223.88,Google Pay,7
SES5090,27.6,14,4,1,1,49,USA,Desktop,118.88,Google Pay,8
SES5091,19.59,11,2,0,0,22,USA,Desktop,0,None,0
SES5092,55.19,11,7,3,1,21,Germany,Desktop,10.21,Google Pay,4
SES5093,13.39,12,5,4,1,41,India,Desktop,330.91,PayPal,7
SES5094,27.91,9,9,5,1,49,Canada,Mobile,32.21,Google Pay,10
SES5095,40.31,11,8,4,4,53,India,Mobile,1509.62,Credit Card,7
SES5096,10.25,6,7,7,4,44,UK,Tablet,1729.7,Apple Pay,6
SES5097,8.5,14,1,0,0,64,UK,Desktop,0,None,0
SES5098,44.78,3,4,3,0,36,India,Mobile,0,None,0
SES5099,39.07,1,9,1,1,44,UK,Desktop,375.8,Google Pay,8
SES5100,29.16,13,4,4,1,31,UK,Desktop,262.49,PayPal,5
SES5101,31.87,12,6,0,0,65,India,Tablet,0,None,0
SES5102,59.57,13,1,0,0,55,UK,Tablet,0,None,0
SES5103,45.6,15,3,1,1,34,Canada,Tablet,186.54,PayPal,2
SES5104,35.77,14,2,0,0,34,Germany,Tablet,0,None,0
SES5105,21.75,15,9,1,1,41,India,Desktop,120.44,Apple Pay,4
SES5106,39.79,6,10,0,0,24,USA,Mobile,0,None,0
SES5107,4.28,11,3,3,3,44,Canada,Mobile,912.28,PayPal,5
SES5108,20,15,9,9,5,47,India,Mobile,1192.83,PayPal,7
SES5109,48.05,1,3,2,1,28,Canada,Tablet,325.15,Google Pay,4
SES5110,56.06,11,7,4,3,22,USA,Tablet,153.22,Apple Pay,7
SES5111,42.88,6,3,0,0,48,Germany,Tablet,0,None,0
SES5112,50.97,8,5,1,0,29,Germany,Mobile,0,None,0
SES5113,54.42,3,1,0,0,52,Germany,Tablet,0,None,0
SES5114,12.9,2,9,5,0,49,India,Mobile,0,None,0
SES5115,42.64,12,8,6,2,21,UK,Mobile,665.91,Google Pay,1
SES5116,14.86,2,5,0,0,46,Canada,Desktop,0,None,0
SES5117,22.86,13,7,3,2,49,USA,Mobile,92.98,Google Pay,2
SES5118,32,2,5,0,0,39,India,Mobile,0,None,0
SES5119,33.29,12,4,4,3,38,Canada,Mobile,917.28,Google Pay,6
SES5120,13.7,11,3,3,1,43,USA,Desktop,152.87,Credit Card,10
SES5121,44.62,2,9,7,2,42,India,Desktop,418.84,PayPal,2
SES5122,1.98,12,6,2,0,38,UK,Tablet,0,None,0
SES5123,24.3,15,10,4,3,18,Canada,Tablet,1319.48,Credit Card,4
SES5124,5.69,5,6,3,0,32,USA,Tablet,0,None,0
SES5125,55.89,15,9,8,1,45,Germany,Desktop,380.16,Credit Card,8
SES5126,36.05,2,8,4,0,63,Germany,Tablet,0,None,0
SES5127,54.74,13,6,1,1,57,India,Desktop,440.03,Google Pay,9
SES5128,56.18,15,4,1,0,34,India,Mobile,0,None,0
SES5129,23,2,2,0,0,43,UK,Desktop,0,None,0
SES5130,29.95,12,6,5,2,58,Canada,Tablet,786.2,Apple Pay,10
SES5131,31.39,13,6,6,6,29,Canada,Mobile,1145.33,PayPal,10
SES5132,16.66,1,9,7,6,50,Canada,Desktop,2474.51,Apple Pay,2
SES5133,26.27,4,10,10,8,48,UK,Tablet,3315.19,PayPal,3
SES5134,5.35,9,4,1,0,28,USA,Desktop,0,None,0
SES5135,28.09,10,5,2,1,39,India,Desktop,32.35,PayPal,8
SES5136,39.38,10,7,4,3,22,Canada,Tablet,1016.26,Apple Pay,1
SES5137,38.48,4,5,4,1,63,UK,Desktop,237.28,Credit Card,3
SES5138,16.38,3,10,0,0,24,Canada,Desktop,0,None,0
SES5139,26.87,1,10,8,4,18,USA,Tablet,1416,Apple Pay,1
SES5140,37.27,11,3,3,3,52,Canada,Mobile,759.63,Apple Pay,1
SES5141,29.27,15,9,8,0,40,USA,Tablet,0,None,0
SES5142,38.21,14,6,5,5,20,UK,Mobile,402.04,PayPal,9
SES5143,47.26,4,9,3,2,45,USA,Mobile,932.69,Apple Pay,4
SES5144,44.37,5,9,6,6,20,UK,Mobile,855.21,Google Pay,3
SES5145,17.11,9,8,7,3,49,India,Tablet,255.36,Credit Card,8
SES5146,37.46,4,1,1,1,43,India,Tablet,441.46,PayPal,3
SES5147,7.9,9,2,1,0,27,Canada,Desktop,0,None,0
SES5148,32.2,2,6,0,0,22,Canada,Mobile,0,None,0
SES5149,50.97,12,7,6,0,36,Canada,Mobile,0,None,0
SES5150,8.88,2,7,7,1,54,Canada,Desktop,448.9,Apple Pay,8
SES5151,8.25,15,9,1,1,64,Germany,Mobile,219.04,Apple Pay,1
SES5152,23.24,15,3,2,2,22,UK,Tablet,984.54,PayPal,7
SES5153,50.12,6,6,4,4,28,USA,Mobile,1916.41,Google Pay,9
SES5154,38.58,3,6,3,2,31,India,Desktop,375.05,Google Pay,4
SES5155,7.56,10,7,6,0,55,Canada,Tablet,0,None,0
SES5156,4.27,13,2,1,1,38,Germany,Mobile,136.77,Apple Pay,4
SES5157,8.36,3,6,3,3,34,Germany,Tablet,167.45,Credit Card,7
SES5158,57.19,11,2,0,0,22,UK,Desktop,0,None,0
SES5159,26.88,4,10,10,4,19,Canada,Tablet,137.92,PayPal,3
SES5160,42.15,13,3,1,1,50,Germany,Mobile,121.81,PayPal,6
SES5161,52.88,9,2,1,1,57,India,Desktop,202.86,Google Pay,7
SES5162,40.58,7,9,8,7,47,USA,Desktop,1630.35,Credit Card,8
SES5163,46.84,12,8,5,2,28,UK,Desktop,533.87,PayPal,3
SES5164,4.51,12,1,0,0,41,India,Mobile,0,None,0
SES5165,3.92,13,9,4,4,64,Germany,Tablet,683.08,Google Pay,4
SES5166,51.21,14,5,2,0,53,USA,Mobile,0,None,0
SES5167,16.93,7,2,1,1,36,USA,Mobile,327.8,Credit Card,2
SES5168,55.75,15,1,1,0,29,Germany,Tablet,0,None,0
SES5169,50.83,10,3,3,0,62,Canada,Tablet,0,None,0
SES5170,25.16,15,10,8,1,52,Canada,Tablet,468.27,PayPal,9
SES5171,4.86,9,1,1,0,39,UK,Tablet,0,None,0
SES5172,17.97,7,1,0,0,20,Canada,Desktop,0,None,0
SES5173,19.22,7,10,7,7,24,India,Desktop,135.12,Credit Card,9
SES5174,25.89,15,5,4,2,30,UK,Mobile,800.27,Apple Pay,1
SES5175,47.94,3,7,1,0,19,Canada,Mobile,0,None,0
SES5176,9.78,7,6,3,2,37,UK,Desktop,317.25,Credit Card,5
SES5177,33.93,14,8,6,0,35,India,Mobile,0,None,0
SES5178,54.2,15,5,3,2,38,Canada,Tablet,560.01,Apple Pay,3
SES5179,2.13,13,9,5,4,63,USA,Mobile,276.28,Credit Card,6
SES5180,5,15,3,3,0,58,UK,Desktop,0,None,0
SES5181,54.35,10,7,3,3,63,Canada,Desktop,671.68,Apple Pay,10
SES5182,8.51,10,9,7,1,45,Canada,Tablet,455.83,Credit Card,7
SES5183,38.48,11,7,0,0,44,Canada,Tablet,0,None,0
SES5184,47.06,13,5,5,4,65,India,Mobile,943.57,Google Pay,7
SES5185,42.58,1,2,2,1,53,UK,Mobile,492.82,PayPal,5
SES5186,23.25,9,1,1,1,21,USA,Desktop,24.79,Apple Pay,6
SES5187,16.16,6,9,6,2,31,Germany,Tablet,973.78,Credit Card,3
SES5188,39.17,8,2,0,0,49,Germany,Desktop,0,None,0
SES5189,58.41,7,7,4,2,33,USA,Mobile,652.52,Credit Card,10
SES5190,11.95,9,3,2,0,23,USA,Mobile,0,None,0
SES5191,23.95,1,8,4,4,55,UK,Mobile,1231.98,Credit Card,1
SES5192,57.09,7,3,0,0,32,Germany,Tablet,0,None,0
SES5193,21.72,14,7,6,4,48,Germany,Mobile,1676.01,PayPal,7
SES5194,9.73,11,3,2,1,59,Germany,Desktop,287.73,Credit Card,4
SES5195,1.09,15,3,1,0,61,USA,Mobile,0,None,0
SES5196,37.79,7,2,0,0,37,USA,Tablet,0,None,0
SES5197,36.04,1,6,6,4,43,UK,Desktop,890.86,PayPal,6
SES5198,39.17,13,1,0,0,45,Germany,Tablet,0,None,0
SES5199,13.91,6,1,1,1,65,India,Mobile,470.94,Google Pay,7
SES5200,37.73,2,9,5,5,36,UK,Mobile,1007.88,Apple Pay,8
SES5201,18.07,8,5,3,2,45,Germany,Mobile,460.89,Apple Pay,3
SES5202,57.39,10,4,4,4,48,USA,Tablet,1265.95,Apple Pay,6
SES5203,12.7,9,6,6,0,26,Germany,Tablet,0,None,0
SES5204,33.84,10,5,0,0,27,Germany,Tablet,0,None,0
SES5205,18.42,7,7,2,0,48,India,Mobile,0,None,0
SES5206,44.51,12,8,2,0,57,Canada,Desktop,0,None,0
SES5207,10.29,15,3,2,1,55,Canada,Tablet,162.6,PayPal,4
SES5208,30.04,10,7,6,3,34,Canada,Tablet,657.92,Google Pay,7
SES5209,52.76,1,10,5,1,25,Germany,Mobile,286.37,Google Pay,4
SES5210,15.54,8,4,2,1,36,USA,Tablet,334.59,PayPal,1
SES5211,48.35,13,5,5,2,40,UK,Tablet,293.6,Credit Card,2
SES5212,8.86,4,7,7,3,61,UK,Tablet,233.86,Google Pay,4
SES5213,5.66,15,8,0,0,32,India,Tablet,0,None,0
SES5214,52.74,2,4,1,1,38,USA,Tablet,33.46,Apple Pay,4
SES5215,6.19,8,8,3,0,22,USA,Tablet,0,None,0
SES5216,56.56,11,7,3,0,18,UK,Tablet,0,None,0
SES5217,31.42,2,9,7,5,26,Canada,Tablet,2486.55,Google Pay,3
SES5218,41.13,9,4,2,0,51,Canada,Desktop,0,None,0
SES5219,46.38,1,4,0,0,28,India,Mobile,0,None,0
SES5220,44.17,9,2,2,1,21,Canada,Tablet,437.15,Credit Card,1
SES5221,20.94,14,7,1,0,28,Germany,Mobile,0,None,0
SES5222,57.2,2,8,6,2,21,India,Tablet,85.93,Google Pay,1
SES5223,43.84,13,3,3,0,57,Canada,Mobile,0,None,0
SES5224,57.16,6,9,0,0,36,UK,Mobile,0,None,0
SES5225,43.34,2,7,1,1,37,Canada,Desktop,155.73,Apple Pay,1
SES5226,24.3,14,9,4,1,25,UK,Mobile,116.12,Credit Card,8
SES5227,36.46,1,1,0,0,45,Canada,Tablet,0,None,0
SES5228,10.57,12,5,4,2,42,Germany,Tablet,922.49,PayPal,6
SES5229,33.21,3,5,1,1,19,India,Desktop,330.93,PayPal,2
SES5230,37.37,6,6,1,1,20,USA,Desktop,481.96,Google Pay,6
SES5231,54.04,1,8,8,0,34,UK,Desktop,0,None,0
SES5232,54.89,14,2,0,0,26,Germany,Mobile,0,None,0
SES5233,23.32,3,8,2,2,36,India,Mobile,805.49,Credit Card,8
SES5234,59.01,11,3,1,1,53,India,Mobile,60.57,Credit Card,1
SES5235,1.68,1,8,4,2,20,UK,Mobile,106.33,Google Pay,8
SES5236,49.82,9,7,0,0,29,Germany,Desktop,0,None,0
SES5237,32.66,1,3,3,3,21,USA,Mobile,53.67,Apple Pay,2
SES5238,22.6,1,7,1,1,55,Germany,Desktop,373.77,Credit Card,10
SES5239,57.49,3,7,7,5,34,USA,Tablet,105.18,Credit Card,5
SES5240,2.7,12,1,1,0,19,Canada,Mobile,0,None,0
SES5241,23.1,11,8,5,4,18,UK,Desktop,1394.83,PayPal,9
SES5242,49.97,9,5,1,1,32,Canada,Tablet,119.38,PayPal,4
SES5243,37.13,10,4,1,0,51,USA,Tablet,0,None,0
SES5244,45.4,10,5,0,0,61,Canada,Tablet,0,None,0
SES5245,31.97,9,9,0,0,37,USA,Tablet,0,None,0
SES5246,38.22,1,5,1,1,48,India,Tablet,283.66,PayPal,5
SES5247,17.77,9,6,6,2,44,Germany,Mobile,456.72,Google Pay,9
SES5248,25.91,3,2,1,0,31,UK,Mobile,0,None,0
SES5249,30.85,1,2,1,0,63,Germany,Tablet,0,None,0
SES5250,44.94,7,9,3,1,60,Germany,Tablet,169.79,Apple Pay,5
SES5251,53.61,5,3,1,1,43,India,Tablet,53.34,Apple Pay,7
SES5252,8.9,12,8,5,3,23,Germany,Desktop,875.29,Apple Pay,1
SES5253,24.13,3,2,2,1,22,Germany,Desktop,279.97,PayPal,3
SES5254,19.29,13,9,3,1,22,Germany,Tablet,376.24,PayPal,1
SES5255,51.17,13,6,1,1,39,Canada,Mobile,201.25,Credit Card,9
SES5256,41.42,7,10,10,4,63,Canada,Desktop,933.32,Apple Pay,7
SES5257,44.31,13,7,5,1,55,Canada,Desktop,348.67,Credit Card,7
SES5258,18.18,3,10,10,6,20,Canada,Mobile,2148.19,Credit Card,3
SES5259,43.03,4,7,3,2,62,Germany,Tablet,391.66,Apple Pay,4
SES5260,47.47,1,6,6,2,24,UK,Mobile,190.23,Credit Card,10
SES5261,33.29,3,5,2,2,26,Canada,Mobile,336.73,Google Pay,7
SES5262,52.08,5,8,7,5,58,Germany,Tablet,869.65,PayPal,9
SES5263,23.63,15,10,3,2,35,India,Desktop,717.87,Google Pay,4
SES5264,24.93,4,1,1,0,30,India,Desktop,0,None,0
SES5265,27.22,4,2,1,0,57,UK,Mobile,0,None,0
SES5266,14.56,10,4,1,0,57,Canada,Mobile,0,None,0
SES5267,36.82,15,7,3,3,33,UK,Tablet,1178.2,Credit Card,10
SES5268,34.76,8,1,1,1,58,India,Mobile,30.66,Google Pay,7
SES5269,59.99,3,7,6,2,29,Canada,Tablet,126.05,Google Pay,3
SES5270,44.96,3,9,4,3,24,Germany,Tablet,728.5,PayPal,4
SES5271,12.96,2,6,2,0,65,India,Desktop,0,None,0
SES5272,1.96,2,10,6,5,45,UK,Tablet,678.57,PayPal,2
SES5273,37.36,13,9,0,0,63,Germany,Mobile,0,None,0
SES5274,27.88,8,3,1,1,62,USA,Desktop,307.84,Google Pay,1
SES5275,3.53,13,4,3,1,24,India,Mobile,206.63,Credit Card,5
SES5276,40.68,12,3,0,0,48,USA,Tablet,0,None,0
SES5277,52.04,2,9,8,2,44,USA,Tablet,147.66,Apple Pay,6
SES5278,29.93,12,10,8,0,37,India,Tablet,0,None,0
SES5279,44.5,12,8,7,1,29,Canada,Mobile,298.32,Credit Card,3
SES5280,16.12,13,7,1,0,42,India,Tablet,0,None,0
SES5281,34.21,12,8,2,2,21,UK,Desktop,110.39,Apple Pay,5
SES5282,56.34,13,1,0,0,62,Germany,Mobile,0,None,0
SES5283,34.08,10,5,0,0,21,UK,Tablet,0,None,0
SES5284,8.47,14,2,0,0,59,USA,Tablet,0,None,0
SES5285,57.24,15,2,2,1,35,UK,Tablet,224.32,Apple Pay,2
SES5286,29.69,10,2,1,1,37,India,Desktop,69.45,Credit Card,9
SES5287,26.84,9,7,5,2,24,UK,Mobile,221.07,Credit Card,10
SES5288,51.72,15,3,2,1,23,UK,Desktop,54.39,Credit Card,3
SES5289,55.35,6,1,1,0,60,Germany,Mobile,0,None,0
SES5290,15.07,10,10,2,0,51,UK,Mobile,0,None,0
SES5291,41.05,7,10,8,6,51,Canada,Desktop,2966.49,Credit Card,10
SES5292,5.16,9,8,4,2,22,India,Mobile,850.25,Apple Pay,5
SES5293,55.71,11,3,3,0,50,India,Mobile,0,None,0
SES5294,39.84,3,10,10,10,56,Germany,Mobile,3282.96,Google Pay,5
SES5295,37.43,3,10,10,4,34,USA,Mobile,526.29,Google Pay,5
SES5296,37.19,10,7,7,6,35,Canada,Mobile,2370.69,PayPal,6
SES5297,51,3,1,1,1,60,UK,Mobile,286.21,Apple Pay,5
SES5298,49.69,12,4,1,1,24,Canada,Desktop,306.28,Credit Card,6
SES5299,19.95,7,10,2,1,36,UK,Desktop,307.62,Credit Card,1
SES5300,12.33,9,10,10,9,59,India,Desktop,476.07,Apple Pay,5
SES5301,27.21,10,3,0,0,47,Canada,Mobile,0,None,0
SES5302,28.33,14,1,0,0,59,India,Tablet,0,None,0
SES5303,22.81,11,6,6,3,40,India,Mobile,519.46,Google Pay,6
SES5304,18.76,8,8,6,3,38,Canada,Desktop,1433.29,Google Pay,1
SES5305,35.61,14,3,3,3,22,UK,Desktop,191.56,PayPal,10
SES5306,32.53,8,2,0,0,28,India,Desktop,0,None,0
SES5307,25.98,13,3,1,1,54,Germany,Desktop,203.26,Google Pay,8
SES5308,25.88,10,8,3,2,54,Germany,Mobile,907.68,PayPal,5
SES5309,32.01,15,9,6,3,49,Germany,Tablet,1358.93,Credit Card,4
SES5310,33.2,7,6,0,0,26,USA,Mobile,0,None,0
SES5311,1.52,7,8,7,7,62,India,Mobile,2007.36,Google Pay,6
SES5312,22.53,7,5,3,2,33,Germany,Mobile,781.84,Google Pay,8
SES5313,47.15,10,7,4,2,46,Canada,Desktop,434.2,PayPal,1
SES5314,11.39,12,6,0,0,64,USA,Tablet,0,None,0
SES5315,51.02,12,10,4,3,63,Germany,Tablet,503.19,PayPal,3
SES5316,15.48,3,9,9,8,43,Canada,Desktop,362.68,PayPal,3
SES5317,8.12,14,6,1,0,43,UK,Mobile,0,None,0
SES5318,12.33,1,4,1,1,55,USA,Tablet,399.7,Google Pay,5
SES5319,25.6,7,7,2,1,18,USA,Desktop,187.79,PayPal,6
SES5320,11.93,7,3,3,1,23,India,Tablet,266.4,PayPal,2
SES5321,59.01,10,4,3,3,51,Germany,Mobile,936.49,Google Pay,2
SES5322,25.21,14,3,1,0,59,India,Tablet,0,None,0
SES5323,21.62,2,8,7,3,55,Germany,Mobile,32.55,Credit Card,7
SES5324,27.38,5,7,6,5,41,India,Mobile,768.58,PayPal,7
SES5325,44.65,11,8,6,0,43,UK,Tablet,0,None,0
SES5326,39.86,15,1,1,0,27,Canada,Tablet,0,None,0
SES5327,30.34,14,5,0,0,57,India,Tablet,0,None,0
SES5328,58.98,6,2,2,1,64,UK,Desktop,234.78,Credit Card,8
SES5329,15.29,14,1,0,0,48,USA,Desktop,0,None,0
SES5330,46.93,15,2,1,1,50,India,Desktop,245.18,Google Pay,7
SES5331,39.81,8,4,1,0,44,India,Desktop,0,None,0
SES5332,12.85,7,6,2,0,35,Canada,Desktop,0,None,0
SES5333,15.41,8,10,8,5,52,Germany,Mobile,310.2,Credit Card,4
SES5334,25.82,1,5,2,1,53,UK,Tablet,28.15,PayPal,9
SES5335,50.26,11,4,3,2,26,USA,Tablet,989.85,PayPal,4
SES5336,46.74,3,3,3,1,24,Canada,Tablet,359.8,Credit Card,9
SES5337,49.87,3,6,2,2,61,India,Tablet,987.08,Apple Pay,2
SES5338,24.91,4,4,4,0,59,USA,Mobile,0,None,0
SES5339,24.06,5,5,2,1,53,USA,Mobile,67.71,Google Pay,8
SES5340,55.43,6,9,3,1,62,UK,Tablet,16.01,Apple Pay,4
SES5341,46.07,9,5,0,0,35,USA,Desktop,0,None,0
SES5342,31.36,8,9,3,3,27,India,Mobile,40.58,Apple Pay,10
SES5343,13.23,3,1,1,0,19,Germany,Tablet,0,None,0
SES5344,9.3,8,3,2,0,20,India,Tablet,0,None,0
SES5345,42.75,10,2,2,2,56,Canada,Mobile,205.8,PayPal,7
SES5346,59.24,14,10,2,1,25,India,Tablet,24.04,Apple Pay,9
SES5347,44.3,15,5,1,1,65,Germany,Tablet,6.56,Apple Pay,7
SES5348,14.27,9,6,3,3,35,USA,Mobile,230.84,Apple Pay,10
SES5349,11.92,3,8,8,0,39,Canada,Mobile,0,None,0
SES5350,19.09,8,2,0,0,37,UK,Desktop,0,None,0
SES5351,50.41,10,6,3,3,21,India,Tablet,885.32,Credit Card,7
SES5352,3.83,13,4,4,1,37,India,Tablet,272.34,Credit Card,4
SES5353,49.78,14,4,0,0,49,Canada,Desktop,0,None,0
SES5354,39.14,6,6,2,0,33,USA,Tablet,0,None,0
SES5355,28.85,11,10,0,0,30,Germany,Mobile,0,None,0
SES5356,51.36,12,10,1,0,42,Germany,Desktop,0,None,0
SES5357,58.28,6,8,2,0,44,USA,Mobile,0,None,0
SES5358,49.08,15,8,3,1,41,Germany,Mobile,305.62,Apple Pay,1
SES5359,26.28,6,3,2,2,43,India,Tablet,444.57,PayPal,7
SES5360,49.44,6,4,1,1,43,UK,Tablet,38.17,Credit Card,3
SES5361,42.62,1,9,0,0,38,Canada,Tablet,0,None,0
SES5362,27.19,10,1,1,1,52,India,Mobile,177.7,Apple Pay,6
SES5363,14.46,3,4,0,0,55,India,Desktop,0,None,0
SES5364,46.02,6,4,2,0,28,USA,Tablet,0,None,0
SES5365,10.57,2,10,5,4,41,Germany,Tablet,1855.72,PayPal,8
SES5366,37.59,7,7,5,5,37,Germany,Tablet,508.86,Credit Card,8
SES5367,40.1,5,3,2,2,63,Canada,Mobile,80.93,Apple Pay,5
SES5368,6.84,5,8,7,5,22,Germany,Tablet,1244.65,Google Pay,7
SES5369,22.36,2,9,5,0,42,Canada,Mobile,0,None,0
SES5370,1.15,13,1,1,1,32,Germany,Desktop,26.96,Credit Card,9
SES5371,36.77,8,2,1,0,27,Germany,Desktop,0,None,0
SES5372,42.97,9,3,1,1,27,Canada,Desktop,6.6,PayPal,3
SES5373,27.67,10,4,2,2,20,UK,Desktop,586.38,PayPal,3
SES5374,8.29,2,10,5,3,62,USA,Tablet,1333.22,Google Pay,2
SES5375,4.36,3,2,1,0,27,Canada,Mobile,0,None,0
SES5376,33.04,13,10,9,7,34,India,Desktop,1263.95,Credit Card,2
SES5377,23.53,9,4,0,0,42,India,Mobile,0,None,0
SES5378,49.95,10,2,2,0,22,India,Mobile,0,None,0
SES5379,17.08,5,6,2,2,31,Germany,Mobile,592.84,Google Pay,2
SES5380,42.07,8,9,7,7,29,UK,Tablet,2698.43,Apple Pay,7
SES5381,52.3,11,9,6,5,31,UK,Mobile,1353.86,PayPal,1
SES5382,7.78,6,7,5,4,55,UK,Desktop,750.35,Credit Card,6
SES5383,19.36,5,9,5,4,29,USA,Desktop,152.55,Apple Pay,2
SES5384,56.25,14,3,2,0,56,UK,Desktop,0,None,0
SES5385,55.83,1,2,1,0,28,USA,Desktop,0,None,0
SES5386,19.3,2,6,3,0,36,Canada,Desktop,0,None,0
SES5387,4.55,1,1,1,0,32,Canada,Mobile,0,None,0
SES5388,3.9,2,7,6,0,20,India,Tablet,0,None,0
SES5389,45.12,14,8,3,0,27,Germany,Tablet,0,None,0
SES5390,48.31,1,4,3,1,20,USA,Tablet,351.62,Google Pay,10
SES5391,25.84,1,5,3,0,31,USA,Tablet,0,None,0
SES5392,15.66,9,7,0,0,33,India,Tablet,0,None,0
SES5393,38.03,8,5,2,1,63,UK,Tablet,296.23,Credit Card,2
SES5394,30.54,13,3,0,0,49,UK,Tablet,0,None,0
SES5395,27.12,10,1,0,0,36,USA,Mobile,0,None,0
SES5396,27.12,13,1,1,1,65,USA,Mobile,312.52,PayPal,3
SES5397,15.44,7,7,7,5,31,UK,Tablet,918.88,Google Pay,9
SES5398,53.48,13,7,7,5,65,Germany,Mobile,83.73,PayPal,6
SES5399,21.58,8,10,0,0,34,Germany,Mobile,0,None,0
SES5400,23.33,11,6,5,4,61,Germany,Tablet,232.48,Google Pay,9
SES5401,10.95,1,5,5,0,41,India,Desktop,0,None,0
SES5402,13.05,2,8,4,1,38,USA,Desktop,8.7,Apple Pay,8
SES5403,26.58,5,2,0,0,43,UK,Desktop,0,None,0
SES5404,51.26,11,4,0,0,63,USA,Desktop,0,None,0
SES5405,40.83,7,6,1,1,35,Canada,Desktop,162.96,Credit Card,9
SES5406,56.55,4,7,2,0,32,Canada,Desktop,0,None,0
SES5407,47.85,9,5,0,0,48,USA,Mobile,0,None,0
SES5408,59.06,5,5,2,2,27,India,Mobile,142.74,Credit Card,1
SES5409,21.51,9,8,7,4,53,UK,Tablet,357.7,Apple Pay,6
SES5410,12.67,1,2,0,0,23,India,Desktop,0,None,0
SES5411,18.9,7,3,2,1,21,India,Desktop,70.34,Google Pay,10
SES5412,14.86,6,5,5,1,57,Germany,Mobile,437.36,PayPal,4
SES5413,18.88,2,5,4,0,48,Germany,Tablet,0,None,0
SES5414,12.11,1,6,3,0,45,Canada,Mobile,0,None,0
SES5415,41.1,8,7,6,4,52,Canada,Mobile,914.67,Apple Pay,3
SES5416,11.79,9,2,1,1,36,USA,Desktop,253.64,Google Pay,1
SES5417,19.7,3,7,6,2,42,USA,Tablet,367.45,Apple Pay,8
SES5418,35.16,10,2,0,0,59,UK,Tablet,0,None,0
SES5419,19.08,5,4,0,0,58,Germany,Desktop,0,None,0
SES5420,50.9,1,5,2,1,58,UK,Desktop,173.39,Credit Card,7
SES5421,6.55,10,2,1,1,61,Canada,Tablet,47.33,Credit Card,6
SES5422,21.33,2,9,6,1,51,India,Mobile,177.06,Apple Pay,2
SES5423,50.54,15,7,0,0,34,India,Desktop,0,None,0
SES5424,8.54,14,4,2,2,45,USA,Desktop,885.39,PayPal,10
SES5425,57.69,3,3,2,0,18,India,Desktop,0,None,0
SES5426,55.67,15,5,2,1,23,USA,Mobile,412.76,Credit Card,10
SES5427,2.03,9,3,0,0,44,Germany,Mobile,0,None,0
SES5428,7.13,6,1,1,0,56,Canada,Tablet,0,None,0
SES5429,57.57,2,7,2,1,34,USA,Tablet,294.53,Google Pay,5
SES5430,23.71,15,9,9,4,25,Canada,Tablet,1070.12,Google Pay,10
SES5431,25.18,9,8,3,1,19,Germany,Tablet,324.76,Credit Card,9
SES5432,15.61,11,9,5,0,43,Canada,Desktop,0,None,0
SES5433,25.2,9,6,5,2,21,Germany,Desktop,443.07,PayPal,1
SES5434,39.91,14,5,2,0,65,Canada,Mobile,0,None,0
SES5435,55.64,1,7,1,1,35,UK,Mobile,327.99,Credit Card,10
SES5436,36.28,15,10,2,0,35,USA,Tablet,0,None,0
SES5437,39.73,15,3,2,1,18,Germany,Desktop,480.16,Google Pay,9
SES5438,43.84,3,2,0,0,35,UK,Tablet,0,None,0
SES5439,15.06,15,1,1,0,64,UK,Desktop,0,None,0
SES5440,11.76,11,5,4,1,59,Canada,Mobile,252.34,PayPal,10
SES5441,31.57,3,8,7,2,54,Germany,Tablet,590.32,Apple Pay,3
SES5442,40.54,7,5,3,3,46,India,Mobile,136.14,PayPal,4
SES5443,16.31,15,10,1,0,48,Canada,Desktop,0,None,0
SES5444,59.57,6,10,8,1,30,India,Desktop,228.81,Apple Pay,9
SES5445,31.25,15,1,0,0,28,UK,Tablet,0,None,0
SES5446,16.43,5,1,0,0,32,India,Mobile,0,None,0
SES5447,30.9,6,8,2,2,40,USA,Desktop,277.55,Apple Pay,9
SES5448,42.06,1,4,4,0,51,USA,Desktop,0,None,0
SES5449,4.02,3,8,8,0,46,USA,Desktop,0,None,0
SES5450,44.34,8,9,8,8,38,India,Tablet,1186.54,Credit Card,2
SES5451,32.79,7,9,3,0,51,India,Mobile,0,None,0
SES5452,10.54,13,9,2,2,22,USA,Mobile,201.88,Google Pay,5
SES5453,48.54,8,8,7,7,37,Canada,Tablet,1320.7,Apple Pay,6
SES5454,28.64,15,1,0,0,42,India,Mobile,0,None,0
SES5455,15.84,14,2,0,0,29,USA,Tablet,0,None,0
SES5456,45.06,11,1,1,0,39,Canada,Tablet,0,None,0
SES5457,33.02,15,8,7,0,60,India,Desktop,0,None,0
SES5458,4.42,11,1,1,1,26,Germany,Mobile,56.74,Google Pay,5
SES5459,44.19,8,5,3,0,32,UK,Desktop,0,None,0
SES5460,14.86,5,4,1,0,55,UK,Desktop,0,None,0
SES5461,51.37,8,8,1,0,45,USA,Mobile,0,None,0
SES5462,39.93,8,4,4,3,59,Germany,Mobile,681.54,Google Pay,5
SES5463,18.53,1,6,2,2,32,Canada,Desktop,345.21,Credit Card,5
SES5464,48.09,5,6,1,1,19,Canada,Desktop,133.09,PayPal,4
SES5465,21.96,3,8,0,0,42,USA,Mobile,0,None,0
SES5466,27.26,10,10,2,2,41,Germany,Mobile,544.74,Apple Pay,3
SES5467,25.02,8,3,1,1,28,USA,Desktop,449.63,Apple Pay,2
SES5468,28.76,6,10,2,0,45,Canada,Desktop,0,None,0
SES5469,27.83,15,10,2,1,40,UK,Mobile,383.16,Apple Pay,3
SES5470,16.59,11,7,3,0,24,USA,Tablet,0,None,0
SES5471,8.02,8,10,9,2,57,Germany,Tablet,226.52,Apple Pay,4
SES5472,54.56,10,6,3,0,37,USA,Desktop,0,None,0
SES5473,18.52,5,3,3,3,45,UK,Tablet,817.38,Google Pay,6
SES5474,45.03,5,8,6,5,30,USA,Tablet,1560.56,Google Pay,9
SES5475,52.32,5,2,1,1,49,Germany,Desktop,170.91,PayPal,7
SES5476,3.65,6,9,9,5,22,Canada,Mobile,2377.48,PayPal,1
SES5477,48.64,14,3,2,1,42,USA,Desktop,211.87,Apple Pay,3
SES5478,1.23,9,5,3,2,64,UK,Tablet,905.06,Apple Pay,8
SES5479,41.51,5,2,2,2,29,USA,Mobile,837.16,Credit Card,2
SES5480,28.67,11,2,2,2,35,UK,Mobile,266.89,Apple Pay,4
SES5481,17.08,5,8,3,3,45,Germany,Tablet,703.25,Credit Card,3
SES5482,22.32,9,7,6,1,46,USA,Tablet,22.54,Google Pay,2
SES5483,14.85,12,8,8,2,21,UK,Mobile,393.11,Apple Pay,4
SES5484,52.97,1,10,9,8,45,USA,Tablet,3439.2,Credit Card,9
SES5485,21.69,13,1,0,0,42,Canada,Tablet,0,None,0
SES5486,37.68,7,9,5,0,23,USA,Mobile,0,None,0
SES5487,56.38,4,9,9,7,60,Canada,Desktop,3492.43,Credit Card,2
SES5488,2.47,11,10,10,9,52,India,Desktop,2435.2,Apple Pay,9
SES5489,17.67,5,6,0,0,60,UK,Mobile,0,None,0
SES5490,39.48,12,3,3,1,41,India,Desktop,282.26,PayPal,5
SES5491,20.9,1,10,9,8,21,Canada,Mobile,3917.23,PayPal,7
SES5492,53.89,1,10,8,3,57,Germany,Mobile,952.72,Google Pay,7
SES5493,45.63,10,10,1,1,52,Germany,Mobile,224.51,Google Pay,7
SES5494,10.5,2,2,1,1,39,India,Mobile,53.53,PayPal,3
SES5495,41.66,1,9,0,0,22,Germany,Mobile,0,None,0
SES5496,42.61,7,2,2,0,32,Germany,Mobile,0,None,0
SES5497,54.18,15,8,3,2,41,USA,Mobile,936.46,PayPal,3
SES5498,35.94,9,3,3,0,21,Germany,Mobile,0,None,0
SES5499,32.84,7,2,2,2,64,Germany,Mobile,614.49,PayPal,5
SES5500,2.75,1,4,1,0,25,India,Tablet,0,None,0
SES5501,38.52,5,10,10,9,35,India,Desktop,4289.11,Google Pay,4
SES5502,20.74,12,9,1,0,50,Germany,Mobile,0,None,0
SES5503,46.48,14,9,8,5,50,India,Tablet,595.61,Credit Card,10
SES5504,12.38,6,4,0,0,40,Canada,Tablet,0,None,0
SES5505,43.28,11,5,0,0,52,Canada,Tablet,0,None,0
SES5506,9.91,7,1,0,0,26,UK,Desktop,0,None,0
SES5507,23.9,2,9,2,1,25,India,Desktop,485.62,PayPal,3
SES5508,8.52,4,5,1,1,18,Canada,Mobile,368.09,Credit Card,6
SES5509,22.89,15,9,5,2,52,Canada,Tablet,220.02,Apple Pay,1
SES5510,37.04,11,6,5,3,50,Germany,Desktop,1437.73,Credit Card,8
SES5511,56.43,4,5,3,0,27,Germany,Tablet,0,None,0
SES5512,37.31,8,4,2,0,62,Canada,Desktop,0,None,0
SES5513,8.07,10,2,2,0,59,USA,Mobile,0,None,0
SES5514,16.96,11,10,8,4,28,India,Desktop,334.21,PayPal,8
SES5515,35.49,15,10,5,0,21,India,Desktop,0,None,0
SES5516,14.46,7,6,0,0,53,India,Mobile,0,None,0
SES5517,22.22,7,2,2,1,64,Canada,Mobile,212.63,Credit Card,9
SES5518,27.87,9,7,0,0,41,UK,Tablet,0,None,0
SES5519,19.13,10,6,6,5,54,India,Tablet,449.63,Google Pay,9
SES5520,20.61,3,2,2,2,58,India,Desktop,945.85,Credit Card,1
SES5521,28.71,5,5,0,0,63,Canada,Mobile,0,None,0
SES5522,31.87,8,10,9,5,18,Germany,Mobile,2305.68,Credit Card,8
SES5523,56.96,8,6,5,0,43,UK,Mobile,0,None,0
SES5524,28.92,13,5,3,0,39,Germany,Tablet,0,None,0
SES5525,23.09,8,3,1,0,48,Canada,Tablet,0,None,0
SES5526,30.34,15,5,4,4,42,Germany,Desktop,146.6,PayPal,9
SES5527,21.79,4,3,0,0,64,Canada,Mobile,0,None,0
SES5528,22.06,4,8,4,2,31,India,Desktop,541.17,Google Pay,8
SES5529,58.14,11,1,1,1,26,UK,Mobile,151.67,Google Pay,6
SES5530,54.35,4,8,7,6,39,UK,Mobile,641.38,PayPal,1
SES5531,23.81,11,5,2,0,51,UK,Tablet,0,None,0
SES5532,18.96,13,7,1,1,21,India,Desktop,83.6,Credit Card,2
SES5533,35.42,14,6,6,5,38,India,Mobile,2187.9,Credit Card,3
SES5534,20.09,11,6,4,0,59,UK,Mobile,0,None,0
SES5535,41.51,13,3,1,0,47,Germany,Mobile,0,None,0
SES5536,38.29,5,5,4,0,41,Canada,Mobile,0,None,0
SES5537,21.42,12,9,6,4,37,Germany,Mobile,707.8,Apple Pay,1
SES5538,34.85,14,4,4,0,35,India,Mobile,0,None,0
SES5539,25.73,4,6,6,6,47,USA,Tablet,1785.13,Credit Card,5
SES5540,44.53,5,8,8,7,28,India,Tablet,1482.85,Apple Pay,6
SES5541,11.11,3,7,6,1,22,Canada,Mobile,32.08,Google Pay,5
SES5542,49.7,7,2,0,0,61,UK,Desktop,0,None,0
SES5543,24.09,6,7,7,5,51,India,Tablet,457.35,Google Pay,1
SES5544,44.02,8,5,2,0,28,India,Mobile,0,None,0
SES5545,8,5,4,1,1,44,UK,Tablet,166.08,Credit Card,2
SES5546,14.35,11,1,0,0,64,Germany,Desktop,0,None,0
SES5547,50.17,2,2,1,0,35,India,Tablet,0,None,0
SES5548,11.49,10,6,5,1,43,USA,Mobile,203.16,PayPal,4
SES5549,49.79,2,3,3,2,61,Germany,Desktop,625.15,PayPal,5
SES5550,8.91,2,7,0,0,35,Germany,Tablet,0,None,0
SES5551,26.32,3,9,1,1,34,India,Tablet,284.89,PayPal,5
SES5552,8.94,5,8,5,1,65,Germany,Mobile,447.04,Google Pay,6
SES5553,55.38,13,3,3,2,43,UK,Desktop,114.35,Apple Pay,10
SES5554,26.64,7,5,5,2,31,UK,Mobile,366.75,Credit Card,1
SES5555,14.09,15,9,8,3,24,India,Tablet,737.81,Apple Pay,3
SES5556,39.54,8,5,3,2,22,Germany,Tablet,948.03,PayPal,10
SES5557,38.58,4,8,4,1,55,India,Tablet,220.73,Credit Card,5
SES5558,12.37,1,3,0,0,54,Germany,Desktop,0,None,0
SES5559,6.72,13,4,1,0,39,India,Desktop,0,None,0
SES5560,32.64,15,7,1,0,36,UK,Tablet,0,None,0
SES5561,10.4,1,10,6,3,29,India,Tablet,53.5,Google Pay,9
SES5562,11.84,9,8,4,0,50,Canada,Desktop,0,None,0
SES5563,45.99,10,2,0,0,57,India,Mobile,0,None,0
SES5564,48.69,14,4,0,0,21,USA,Mobile,0,None,0
SES5565,54.9,10,3,2,2,32,UK,Desktop,374.99,Credit Card,2
SES5566,14.63,13,2,0,0,27,India,Mobile,0,None,0
SES5567,46.62,6,5,1,1,22,UK,Mobile,321.92,Credit Card,1
SES5568,57.56,6,6,0,0,21,India,Mobile,0,None,0
SES5569,14.64,14,1,0,0,22,USA,Mobile,0,None,0
SES5570,40.07,7,2,1,0,63,India,Tablet,0,None,0
SES5571,10.16,3,9,8,8,49,Germany,Mobile,1497.92,Google Pay,2
SES5572,2,4,8,8,6,24,Germany,Mobile,530.65,Apple Pay,7
SES5573,49.63,15,3,1,1,49,Canada,Desktop,97.53,Google Pay,6
SES5574,34.13,5,8,3,1,21,USA,Desktop,478.92,Credit Card,3
SES5575,15.14,6,4,2,1,64,UK,Desktop,25.16,Credit Card,8
SES5576,28.37,13,4,1,1,46,Canada,Tablet,50.74,Apple Pay,4
SES5577,1.93,12,4,2,0,19,UK,Mobile,0,None,0
SES5578,11,1,10,7,1,29,USA,Desktop,397,PayPal,8
SES5579,17.48,14,7,4,0,32,Canada,Mobile,0,None,0
SES5580,58.55,14,9,8,1,22,India,Desktop,140.96,Credit Card,6
SES5581,19.89,1,10,8,6,34,India,Mobile,2667.45,Google Pay,9
SES5582,52.78,2,10,5,1,38,UK,Tablet,84.83,PayPal,2
SES5583,12.78,3,2,2,2,62,UK,Desktop,670,Apple Pay,7
SES5584,28.8,12,8,2,0,29,USA,Mobile,0,None,0
SES5585,29.72,8,1,1,0,27,India,Desktop,0,None,0
SES5586,10.08,5,6,1,0,43,Canada,Mobile,0,None,0
SES5587,1.74,1,3,1,0,32,UK,Mobile,0,None,0
SES5588,7.03,10,5,1,0,56,India,Mobile,0,None,0
SES5589,13.92,11,9,5,4,61,Canada,Mobile,1140.3,Credit Card,9
SES5590,7.31,11,7,2,1,55,Germany,Desktop,130.68,PayPal,10
SES5591,26.66,1,5,3,0,32,India,Mobile,0,None,0
SES5592,38.31,3,9,6,5,44,Canada,Desktop,818.1,Apple Pay,10
SES5593,39.93,15,6,2,1,34,India,Mobile,409.39,PayPal,9
SES5594,1.14,3,2,1,1,55,Canada,Desktop,490.89,Apple Pay,2
SES5595,39.54,14,6,4,4,27,USA,Mobile,57.25,Apple Pay,1
SES5596,59.38,7,5,5,3,59,USA,Tablet,431.68,Credit Card,9
SES5597,39.36,2,5,5,1,60,India,Desktop,346.17,Apple Pay,3
SES5598,33.82,3,10,7,1,33,UK,Tablet,177.03,Google Pay,8
SES5599,51.81,3,8,1,1,55,USA,Mobile,466.38,Credit Card,8
SES5600,1.91,9,4,4,3,43,Germany,Desktop,107.32,PayPal,3
SES5601,1.91,4,1,1,0,30,Canada,Mobile,0,None,0
SES5602,41.08,13,3,2,2,24,Canada,Tablet,668.82,Apple Pay,2
SES5603,11.16,15,2,0,0,50,UK,Tablet,0,None,0
SES5604,46.74,1,3,1,1,33,USA,Desktop,345.06,Apple Pay,2
SES5605,57.57,9,1,1,1,50,Canada,Desktop,364.47,Google Pay,10
SES5606,9.2,5,10,8,0,18,UK,Mobile,0,None,0
SES5607,1.63,10,8,4,2,29,India,Mobile,422.55,Google Pay,3
SES5608,56.44,4,1,0,0,27,Germany,Desktop,0,None,0
SES5609,34.92,3,6,6,4,20,Germany,Desktop,1440.52,Apple Pay,4
SES5610,23.89,13,3,3,1,47,India,Mobile,359.2,Google Pay,3
SES5611,18.56,5,7,4,3,58,UK,Tablet,781.94,Google Pay,7
SES5612,35.88,11,9,2,2,45,UK,Desktop,744.73,PayPal,10
SES5613,10.86,15,7,4,4,34,Canada,Tablet,1916.6,Apple Pay,6
SES5614,20.55,13,4,0,0,55,India,Desktop,0,None,0
SES5615,22.62,10,5,1,0,47,USA,Tablet,0,None,0
SES5616,59.6,15,7,1,1,46,Germany,Tablet,67.46,Google Pay,2
SES5617,17.96,8,6,6,3,62,UK,Desktop,1394.92,Credit Card,1
SES5618,11.54,2,6,3,2,20,India,Tablet,938.05,Google Pay,7
SES5619,34.2,12,4,4,1,49,USA,Desktop,43.87,Google Pay,2
SES5620,25.62,3,10,0,0,26,Germany,Mobile,0,None,0
SES5621,19.96,9,5,1,0,26,Canada,Tablet,0,None,0
SES5622,52.45,12,1,1,1,50,USA,Desktop,265.06,Google Pay,7
SES5623,4.81,15,4,3,2,48,Canada,Mobile,514.92,Apple Pay,8
SES5624,25.77,3,2,0,0,48,USA,Desktop,0,None,0
SES5625,33.11,8,5,5,5,38,UK,Tablet,1996.87,Credit Card,2
SES5626,59.76,11,10,1,0,61,USA,Desktop,0,None,0
SES5627,45.35,1,9,6,5,58,Canada,Tablet,1378.95,PayPal,3
SES5628,29.4,4,6,5,0,39,UK,Tablet,0,None,0
SES5629,42.01,6,10,3,2,36,USA,Desktop,721.93,PayPal,10
SES5630,23.39,4,8,2,1,43,India,Mobile,161.03,Google Pay,1
SES5631,40.76,3,4,4,4,47,Canada,Tablet,1448.82,PayPal,4
SES5632,19.45,7,1,0,0,42,UK,Mobile,0,None,0
SES5633,31.51,11,3,3,0,56,Canada,Mobile,0,None,0
SES5634,13.35,12,6,2,1,65,USA,Tablet,29.2,Google Pay,6
SES5635,10.16,6,3,1,0,50,USA,Tablet,0,None,0
SES5636,17.37,3,8,6,4,42,India,Desktop,156.43,PayPal,10
SES5637,17.95,8,5,4,1,56,Germany,Mobile,215.39,PayPal,3
SES5638,15.08,1,9,3,2,46,India,Desktop,358.53,Apple Pay,7
SES5639,22.02,7,7,4,4,30,USA,Tablet,1065.08,Google Pay,4
SES5640,57.15,1,9,9,6,23,UK,Mobile,780.56,Credit Card,2
SES5641,36.18,1,2,1,1,25,Germany,Desktop,383.29,Credit Card,9
SES5642,56.81,10,8,6,0,51,USA,Mobile,0,None,0
SES5643,53.92,7,7,6,4,18,India,Desktop,1437.84,PayPal,9
SES5644,11.86,6,7,5,4,46,UK,Desktop,381.05,Apple Pay,9
SES5645,2,6,3,0,0,64,Germany,Tablet,0,None,0
SES5646,2.54,3,3,0,0,39,UK,Tablet,0,None,0
SES5647,25.05,6,6,6,1,20,USA,Desktop,314.39,Google Pay,2
SES5648,30.23,5,9,4,1,37,USA,Tablet,77.57,PayPal,2
SES5649,39.65,7,2,2,0,26,USA,Desktop,0,None,0
SES5650,28.93,8,1,0,0,64,Germany,Mobile,0,None,0
SES5651,26.05,4,7,6,2,32,UK,Desktop,152.79,PayPal,9
SES5652,44.54,4,7,3,0,47,India,Desktop,0,None,0
SES5653,24.97,9,9,6,5,41,USA,Tablet,2140.55,Google Pay,8
SES5654,9.49,13,6,4,2,65,UK,Mobile,797.1,Apple Pay,8
SES5655,43.02,10,7,0,0,22,Germany,Mobile,0,None,0
SES5656,46.55,15,10,2,0,24,Germany,Tablet,0,None,0
SES5657,1.1,14,5,5,0,45,Canada,Mobile,0,None,0
SES5658,32.91,5,5,5,4,31,India,Tablet,1792.29,Credit Card,7
SES5659,53.48,4,9,6,2,61,India,Tablet,658.37,Credit Card,2
SES5660,36.12,10,5,3,0,24,UK,Tablet,0,None,0
SES5661,56.64,8,9,2,2,22,USA,Desktop,206.75,Credit Card,3
SES5662,14.55,15,9,1,0,54,Canada,Tablet,0,None,0
SES5663,50.5,6,6,3,2,57,USA,Desktop,222.82,Credit Card,1
SES5664,1.76,5,5,5,1,63,Germany,Tablet,164.38,Apple Pay,4
SES5665,38.97,3,7,4,1,26,Canada,Mobile,211.81,Apple Pay,10
SES5666,26.28,1,6,2,2,42,UK,Mobile,589.7,Apple Pay,8
SES5667,40.55,15,1,0,0,22,Germany,Desktop,0,None,0
SES5668,16.88,9,3,3,1,59,Germany,Tablet,408.01,Credit Card,1
SES5669,48.8,11,7,6,5,49,India,Desktop,1715.04,PayPal,10
SES5670,59.74,2,9,6,1,42,UK,Mobile,338.59,PayPal,1
SES5671,17.04,3,7,3,1,35,USA,Desktop,427.97,Apple Pay,7
SES5672,24.95,9,2,2,0,65,Canada,Mobile,0,None,0
SES5673,29.37,8,4,1,1,34,UK,Desktop,421.78,Google Pay,10
SES5674,24.04,3,1,1,1,35,Germany,Mobile,45.72,Apple Pay,9
SES5675,2.36,5,9,0,0,22,USA,Desktop,0,None,0
SES5676,28.94,10,6,3,3,41,India,Tablet,874.07,Google Pay,3
SES5677,17.33,13,1,1,0,62,Germany,Desktop,0,None,0
SES5678,24.4,2,2,2,2,32,Germany,Mobile,203.09,PayPal,10
SES5679,33.95,15,3,1,0,28,USA,Tablet,0,None,0
SES5680,11.05,5,8,6,3,20,India,Desktop,280.74,Google Pay,7
SES5681,34.84,15,6,6,5,55,Canada,Tablet,1838.02,Google Pay,3
SES5682,41.59,15,6,2,0,33,USA,Tablet,0,None,0
SES5683,41.78,10,7,0,0,22,India,Desktop,0,None,0
SES5684,23.1,11,8,8,5,28,UK,Mobile,1139.2,Google Pay,7
SES5685,48.39,7,7,6,4,57,UK,Desktop,818.44,PayPal,2
SES5686,28.91,4,9,1,0,47,USA,Desktop,0,None,0
SES5687,50.92,12,1,1,1,19,India,Desktop,399.45,Google Pay,6
SES5688,37.2,11,8,6,5,53,India,Desktop,1677.11,Apple Pay,8
SES5689,9.87,15,7,2,2,41,UK,Desktop,596.39,PayPal,7
SES5690,43.84,15,4,1,0,52,Germany,Desktop,0,None,0
SES5691,53.14,10,10,8,2,43,Germany,Tablet,659.12,Google Pay,9
SES5692,47.52,1,10,0,0,49,Germany,Mobile,0,None,0
SES5693,5.58,15,5,3,2,28,Canada,Mobile,482.41,Google Pay,10
SES5694,27.06,7,3,0,0,31,Germany,Desktop,0,None,0
SES5695,44.36,4,10,9,9,42,UK,Desktop,1324.75,Google Pay,3
SES5696,53.74,1,3,3,2,34,India,Desktop,869.75,Credit Card,7
SES5697,22.42,4,4,4,1,46,India,Desktop,381.12,PayPal,7
SES5698,42.08,14,8,3,3,35,India,Desktop,1140.92,Google Pay,8
SES5699,2.42,8,5,5,1,54,Canada,Desktop,292.8,Credit Card,3
SES5700,34.34,13,7,3,3,44,UK,Tablet,1030.17,PayPal,2
SES5701,5.16,9,8,4,1,53,USA,Mobile,269.15,Google Pay,7
SES5702,24.97,9,10,5,5,36,Canada,Desktop,858.71,PayPal,5
SES5703,27.28,9,8,6,4,29,Germany,Mobile,817.93,Google Pay,10
SES5704,33.39,6,4,4,3,40,USA,Tablet,203.04,PayPal,8
SES5705,20.58,13,5,3,2,21,Canada,Desktop,215.27,Credit Card,9
SES5706,2.97,5,7,1,0,31,India,Desktop,0,None,0
SES5707,22.65,9,8,5,0,50,India,Mobile,0,None,0
SES5708,28.68,2,8,3,0,34,UK,Tablet,0,None,0
SES5709,49.51,11,6,2,0,46,India,Desktop,0,None,0
SES5710,46.78,8,3,3,3,58,USA,Desktop,1184.07,Google Pay,5
SES5711,7.74,8,6,2,2,43,USA,Tablet,990.01,PayPal,8
SES5712,32.59,8,7,7,4,60,Germany,Mobile,1392.58,PayPal,3
SES5713,23.05,4,10,9,2,26,UK,Desktop,690.66,Credit Card,3
SES5714,6.44,10,10,3,2,33,India,Mobile,709.61,Google Pay,3
SES5715,9.84,7,3,0,0,28,Germany,Tablet,0,None,0
SES5716,37.4,1,4,2,1,27,UK,Desktop,237.07,PayPal,9
SES5717,3.48,5,5,3,1,58,Germany,Desktop,148.63,Apple Pay,5
SES5718,11.58,5,2,1,0,22,India,Desktop,0,None,0
SES5719,28.31,7,7,2,1,28,Germany,Tablet,470.93,PayPal,6
SES5720,43.11,4,4,2,2,56,USA,Desktop,357.64,PayPal,2
SES5721,22.11,2,1,0,0,25,Canada,Desktop,0,None,0
SES5722,10.66,15,5,4,0,29,Canada,Tablet,0,None,0
SES5723,55.21,6,8,0,0,31,India,Desktop,0,None,0
SES5724,39.32,4,1,1,0,23,Germany,Mobile,0,None,0
SES5725,1.53,13,7,1,1,55,Canada,Desktop,59.63,Apple Pay,2
SES5726,16.05,1,1,0,0,32,India,Tablet,0,None,0
SES5727,8.68,7,3,3,1,63,Canada,Mobile,232.22,Google Pay,6
SES5728,17.28,8,5,3,0,39,USA,Desktop,0,None,0
SES5729,21.37,14,4,3,1,19,Germany,Desktop,488.36,Apple Pay,1
SES5730,17.06,13,7,4,0,37,India,Desktop,0,None,0
SES5731,2.13,2,10,8,0,49,Canada,Mobile,0,None,0
SES5732,51.82,8,5,5,3,52,UK,Mobile,856.89,PayPal,10
SES5733,6.71,5,1,1,0,48,UK,Desktop,0,None,0
SES5734,34.08,1,9,6,4,40,USA,Tablet,1628.85,Google Pay,9
SES5735,35.71,10,9,1,0,34,UK,Desktop,0,None,0
SES5736,18.25,15,7,1,1,52,USA,Mobile,104.68,Credit Card,7
SES5737,53.31,8,3,3,3,51,USA,Mobile,1197.21,PayPal,8
SES5738,30.99,2,6,4,4,24,USA,Tablet,1303.54,Apple Pay,2
SES5739,40.5,4,7,4,2,53,India,Tablet,916.56,PayPal,7
SES5740,17.57,15,9,6,5,34,India,Mobile,1970.62,Credit Card,8
SES5741,29.73,3,1,1,0,51,India,Mobile,0,None,0
SES5742,55.09,13,3,0,0,64,Canada,Mobile,0,None,0
SES5743,58.03,3,2,0,0,21,Germany,Mobile,0,None,0
SES5744,52.97,8,4,0,0,27,Germany,Desktop,0,None,0
SES5745,18.52,14,8,6,4,58,USA,Mobile,1194.78,Apple Pay,6
SES5746,31,8,8,3,0,39,India,Tablet,0,None,0
SES5747,24.68,7,1,1,0,28,Germany,Mobile,0,None,0
SES5748,53.25,1,6,2,1,19,UK,Mobile,293.99,Google Pay,2
SES5749,47.1,9,8,7,7,49,Canada,Mobile,696.6,Google Pay,5
SES5750,53.82,1,4,0,0,43,USA,Desktop,0,None,0
SES5751,42.2,2,4,1,1,60,Canada,Tablet,435.53,Apple Pay,5
SES5752,17.04,9,2,0,0,30,UK,Mobile,0,None,0
SES5753,46.69,14,6,0,0,39,India,Desktop,0,None,0
SES5754,44.5,5,5,5,0,64,UK,Mobile,0,None,0
SES5755,55.38,4,10,9,0,22,UK,Desktop,0,None,0
SES5756,21.13,8,6,1,0,50,India,Tablet,0,None,0
SES5757,41.86,8,9,6,1,32,USA,Desktop,111.14,Google Pay,3
SES5758,56.5,14,3,0,0,48,Canada,Mobile,0,None,0
SES5759,7.58,8,5,4,3,59,Germany,Mobile,817.02,PayPal,3
SES5760,19.5,9,3,1,0,46,India,Mobile,0,None,0
SES5761,51.92,13,8,0,0,53,India,Desktop,0,None,0
SES5762,24,10,1,1,1,28,Canada,Mobile,139.86,PayPal,3
SES5763,8.82,9,4,1,1,41,India,Tablet,290.18,Apple Pay,5
SES5764,49.52,7,4,1,0,59,India,Desktop,0,None,0
SES5765,37.7,1,9,6,3,52,USA,Mobile,287.12,PayPal,2
SES5766,33.77,1,5,2,0,22,USA,Desktop,0,None,0
SES5767,10.01,8,4,4,4,41,Canada,Desktop,1868.08,PayPal,7
SES5768,46.18,7,1,1,1,41,India,Tablet,304.74,PayPal,1
SES5769,49.62,10,9,3,0,25,USA,Desktop,0,None,0
SES5770,8.03,7,3,1,0,64,Germany,Desktop,0,None,0
SES5771,26.51,10,2,0,0,34,Canada,Tablet,0,None,0
SES5772,22.18,5,2,1,0,48,USA,Desktop,0,None,0
SES5773,58.39,12,7,0,0,57,Canada,Mobile,0,None,0
SES5774,44.32,3,6,6,1,24,Canada,Tablet,216.6,Credit Card,3
SES5775,15.55,7,4,1,1,52,Canada,Desktop,83.79,Apple Pay,10
SES5776,3.05,15,10,8,7,25,India,Tablet,77.71,Credit Card,5
SES5777,16.22,9,6,5,0,22,UK,Desktop,0,None,0
SES5778,13.31,14,9,4,0,41,Canada,Tablet,0,None,0
SES5779,58.03,6,8,7,3,53,Canada,Mobile,1114.27,Apple Pay,2
SES5780,30.8,8,10,3,2,65,Germany,Mobile,929.88,PayPal,4
SES5781,24.01,5,9,1,1,60,UK,Desktop,290.04,PayPal,10
SES5782,58.62,11,3,1,0,34,India,Tablet,0,None,0
SES5783,55.99,14,9,2,0,38,India,Desktop,0,None,0
SES5784,59.18,3,2,1,0,40,UK,Mobile,0,None,0
SES5785,49.26,4,8,7,6,55,Canada,Desktop,2762.92,PayPal,6
SES5786,30.09,11,3,0,0,52,Canada,Desktop,0,None,0
SES5787,57.02,13,3,1,0,48,USA,Tablet,0,None,0
SES5788,58.32,12,1,1,1,53,UK,Mobile,23.39,PayPal,4
SES5789,3.08,2,2,1,0,41,Canada,Tablet,0,None,0
SES5790,34.26,2,9,7,3,60,India,Mobile,329.51,PayPal,3
SES5791,6.84,2,9,0,0,33,UK,Desktop,0,None,0
SES5792,3.86,15,5,2,2,18,UK,Mobile,231.18,Credit Card,10
SES5793,38.99,7,4,2,1,36,Germany,Tablet,395.47,PayPal,2
SES5794,40.6,15,8,1,0,64,UK,Tablet,0,None,0
SES5795,29.87,7,8,7,3,41,India,Mobile,1365.16,Apple Pay,2
SES5796,14.82,12,10,1,1,50,USA,Mobile,124.98,PayPal,10
SES5797,4.81,11,8,4,2,20,USA,Desktop,13.06,Credit Card,4
SES5798,57.21,15,3,3,1,23,Germany,Tablet,77.78,Google Pay,4
SES5799,42.99,13,2,1,1,40,India,Tablet,477.08,Apple Pay,8
SES5800,28.64,15,10,3,1,24,India,Desktop,73.09,PayPal,9
SES5801,42.36,6,3,1,0,45,India,Desktop,0,None,0
SES5802,29.98,3,2,0,0,42,India,Desktop,0,None,0
SES5803,41.58,8,3,1,0,35,USA,Mobile,0,None,0
SES5804,18.37,8,2,1,1,42,Germany,Tablet,185.85,PayPal,4
SES5805,14.82,4,9,8,3,21,India,Desktop,219.45,Credit Card,10
SES5806,59.87,3,3,1,1,25,Canada,Desktop,227.02,Credit Card,6
SES5807,39.22,7,9,2,1,65,India,Tablet,182.69,Credit Card,2
SES5808,13.2,9,6,6,2,33,Germany,Desktop,917.57,PayPal,8
SES5809,18.37,3,8,5,3,46,UK,Desktop,73.51,PayPal,3
SES5810,36.12,15,2,2,0,31,Canada,Tablet,0,None,0
SES5811,33.1,14,7,3,2,40,Germany,Desktop,263.4,PayPal,3
SES5812,58.99,4,3,1,0,22,India,Desktop,0,None,0
SES5813,4.45,15,3,0,0,34,UK,Mobile,0,None,0
SES5814,47.31,7,2,2,1,52,India,Tablet,356.9,Google Pay,8
SES5815,8.9,5,8,8,0,27,USA,Mobile,0,None,0
SES5816,5.51,4,7,4,4,25,Germany,Tablet,1903.13,Google Pay,4
SES5817,53.04,14,10,3,2,62,India,Mobile,709.43,Apple Pay,10
SES5818,9.94,14,10,10,8,18,India,Desktop,97.72,Apple Pay,10
SES5819,1.59,2,5,0,0,65,UK,Desktop,0,None,0
SES5820,37.38,13,2,2,0,65,UK,Mobile,0,None,0
SES5821,42.73,13,5,4,2,56,Canada,Tablet,711.59,Google Pay,5
SES5822,21.79,8,9,6,2,65,Germany,Tablet,850.5,PayPal,3
SES5823,4.85,8,1,1,0,24,UK,Mobile,0,None,0
SES5824,24.96,14,10,9,9,48,India,Desktop,1612.87,Credit Card,9
SES5825,47.7,14,3,3,0,59,Germany,Mobile,0,None,0
SES5826,8.73,15,3,3,0,26,Germany,Desktop,0,None,0
SES5827,5.83,8,2,1,1,32,Canada,Desktop,118.29,PayPal,8
SES5828,20.06,15,9,0,0,46,Canada,Tablet,0,None,0
SES5829,28.22,12,4,3,0,54,Canada,Tablet,0,None,0
SES5830,46.78,4,9,8,6,42,UK,Desktop,2830.88,PayPal,1
SES5831,17.74,4,1,1,1,39,Canada,Tablet,286.57,Apple Pay,1
SES5832,54.01,7,6,5,2,56,UK,Mobile,70.18,Credit Card,8
SES5833,47.33,9,9,6,0,57,India,Desktop,0,None,0
SES5834,33.8,3,8,3,2,19,Germany,Desktop,722.15,Apple Pay,5
SES5835,35.34,2,1,1,0,24,USA,Tablet,0,None,0
SES5836,10.87,7,6,2,1,63,Canada,Desktop,377.34,Apple Pay,4
SES5837,49.01,9,9,5,0,20,India,Mobile,0,None,0
SES5838,3.18,10,1,1,1,22,Germany,Tablet,359.87,Apple Pay,2
SES5839,35.55,13,7,4,4,24,India,Desktop,1579.1,PayPal,1
SES5840,15.87,3,6,5,5,22,Germany,Mobile,731.17,PayPal,2
SES5841,10.17,15,10,3,2,44,Germany,Mobile,714.8,Apple Pay,8
SES5842,4.93,1,2,2,1,46,Canada,Tablet,441.35,Google Pay,9
SES5843,46.69,6,1,0,0,63,USA,Mobile,0,None,0
SES5844,24.36,8,6,4,0,36,India,Tablet,0,None,0
SES5845,54.61,2,8,8,4,42,USA,Mobile,547.43,Google Pay,8
SES5846,57.23,14,8,5,2,57,USA,Mobile,169.33,PayPal,10
SES5847,16.6,9,8,1,1,41,Canada,Desktop,67.66,Google Pay,7
SES5848,5.97,14,8,6,5,48,Germany,Tablet,2166.3,PayPal,5
SES5849,6.08,11,10,5,5,42,India,Mobile,660.9,Google Pay,1
SES5850,19.73,9,9,1,0,56,Canada,Mobile,0,None,0
SES5851,57.03,10,2,2,0,62,Germany,Desktop,0,None,0
SES5852,46.23,1,4,3,1,53,India,Desktop,450.65,Apple Pay,3
SES5853,24.7,6,5,4,2,56,Canada,Desktop,336.82,Apple Pay,10
SES5854,51.06,11,2,1,1,27,Canada,Desktop,335.39,Credit Card,7
SES5855,50.99,12,3,2,2,60,UK,Desktop,270.26,Credit Card,10
SES5856,4.49,15,6,3,0,60,Canada,Desktop,0,None,0
SES5857,45.72,3,3,0,0,50,Canada,Mobile,0,None,0
SES5858,59.57,7,3,3,3,44,India,Mobile,112.14,Google Pay,4
SES5859,50.31,13,9,2,0,28,UK,Tablet,0,None,0
SES5860,48.71,12,6,6,5,52,UK,Tablet,474.75,Apple Pay,6
SES5861,12.92,4,2,2,1,42,UK,Tablet,197,Credit Card,10
SES5862,35.47,1,6,5,3,36,India,Mobile,297.49,PayPal,8
SES5863,40.23,15,7,3,2,22,Germany,Mobile,554.05,PayPal,5
SES5864,36.27,7,7,6,5,36,India,Mobile,1944.97,PayPal,7
SES5865,11.58,3,5,5,5,61,Germany,Desktop,1896.31,Apple Pay,5
SES5866,50.43,7,2,1,1,49,UK,Tablet,120.42,PayPal,6
SES5867,16.19,10,8,3,2,21,Germany,Mobile,320.47,PayPal,8
SES5868,38.75,5,9,1,0,36,UK,Tablet,0,None,0
SES5869,58.37,7,4,1,0,42,UK,Desktop,0,None,0
SES5870,25.58,1,2,2,0,35,UK,Mobile,0,None,0
SES5871,56.62,8,5,3,2,36,Germany,Tablet,382.73,Credit Card,2
SES5872,8.71,3,1,1,0,19,USA,Mobile,0,None,0
SES5873,58.34,3,4,3,3,44,UK,Tablet,1365.67,Google Pay,2
SES5874,42.06,10,6,3,0,22,UK,Desktop,0,None,0
SES5875,30.97,15,10,5,2,50,Canada,Tablet,624.17,Apple Pay,6
SES5876,10.42,12,8,7,7,61,USA,Desktop,322.9,Google Pay,8
SES5877,53.65,2,10,2,1,59,Canada,Mobile,234.36,PayPal,2
SES5878,56.6,3,5,0,0,42,India,Mobile,0,None,0
SES5879,53.83,9,6,4,4,47,Germany,Tablet,1698.74,Google Pay,1
SES5880,17.4,4,4,0,0,39,UK,Mobile,0,None,0
SES5881,2.83,13,2,1,1,21,Germany,Desktop,397.25,Google Pay,10
SES5882,11.17,13,4,4,2,62,Canada,Mobile,912.32,Apple Pay,1
SES5883,1.27,5,3,1,1,35,USA,Mobile,75.77,Apple Pay,4
SES5884,22.95,12,10,7,6,27,USA,Tablet,1830.59,Google Pay,9
SES5885,54.65,6,4,1,0,63,UK,Mobile,0,None,0
SES5886,55.55,7,10,7,0,43,India,Desktop,0,None,0
SES5887,27.05,4,6,6,2,53,India,Tablet,134.18,Apple Pay,3
SES5888,10.8,12,4,4,0,35,Canada,Tablet,0,None,0
SES5889,54.57,15,7,1,1,37,Germany,Tablet,214.51,Apple Pay,4
SES5890,39.97,11,5,2,2,58,UK,Mobile,667.56,PayPal,3
SES5891,52.36,4,8,1,0,33,UK,Desktop,0,None,0
SES5892,39.54,13,6,5,2,51,Germany,Desktop,801.17,Google Pay,10
SES5893,19.3,5,8,6,3,24,Germany,Desktop,496.19,Apple Pay,2
SES5894,48.39,7,4,0,0,28,Canada,Mobile,0,None,0
SES5895,42.15,5,1,1,1,20,Canada,Mobile,427.04,PayPal,8
SES5896,57.38,15,4,4,1,18,India,Tablet,134.26,PayPal,5
SES5897,23.89,3,4,0,0,62,Canada,Desktop,0,None,0
SES5898,47.65,15,1,0,0,36,Canada,Desktop,0,None,0
SES5899,39.72,3,10,4,1,53,Canada,Mobile,305.71,Google Pay,9
SES5900,58.64,15,4,0,0,63,Germany,Tablet,0,None,0
SES5901,4.74,7,7,6,3,41,Canada,Mobile,1356.7,Google Pay,6
SES5902,46.02,5,7,3,3,53,India,Desktop,516.27,Google Pay,7
SES5903,9.82,1,1,1,1,27,Germany,Desktop,301.18,PayPal,4
SES5904,7,7,10,1,1,54,India,Mobile,451.8,PayPal,6
SES5905,7.25,8,8,6,6,59,USA,Desktop,1370.27,PayPal,6
SES5906,42.11,13,1,0,0,39,Canada,Mobile,0,None,0
SES5907,7.82,15,1,1,0,53,India,Desktop,0,None,0
SES5908,58.73,12,10,5,2,50,UK,Tablet,181.87,Apple Pay,1
SES5909,49.73,7,6,2,0,49,Germany,Mobile,0,None,0
SES5910,37.87,13,1,1,1,44,UK,Mobile,424.24,Apple Pay,10
SES5911,7.03,12,8,1,0,38,USA,Desktop,0,None,0
SES5912,44.62,2,1,0,0,33,Germany,Desktop,0,None,0
SES5913,7.61,15,4,4,1,32,Germany,Tablet,336.73,Credit Card,7
SES5914,33.99,4,5,3,0,34,USA,Mobile,0,None,0
SES5915,22.47,8,2,1,1,52,Germany,Mobile,132.63,Credit Card,2
SES5916,12.3,12,6,6,1,35,USA,Mobile,350.28,Apple Pay,5
SES5917,18.65,9,8,1,0,40,India,Tablet,0,None,0
SES5918,12.69,6,2,2,2,21,Canada,Tablet,878.74,Apple Pay,4
SES5919,19.76,13,6,3,3,38,India,Desktop,335.95,PayPal,2
SES5920,15.86,10,3,1,0,60,India,Mobile,0,None,0
SES5921,10.8,1,4,1,0,60,UK,Tablet,0,None,0
SES5922,27.65,1,5,2,1,51,USA,Desktop,110.1,Google Pay,9
SES5923,12.13,14,4,3,3,39,UK,Desktop,1359.85,Apple Pay,6
SES5924,14.6,3,1,0,0,35,India,Tablet,0,None,0
SES5925,7.12,12,3,2,2,22,USA,Tablet,12.19,PayPal,1
SES5926,34.7,10,7,1,1,49,UK,Tablet,478.02,Credit Card,7
SES5927,49.13,7,2,0,0,47,USA,Mobile,0,None,0
SES5928,4.04,11,9,6,6,52,India,Desktop,1661.67,Apple Pay,7
SES5929,2.26,11,8,2,1,53,UK,Desktop,149.32,Apple Pay,10
SES5930,48.17,4,10,8,4,45,UK,Tablet,886.72,PayPal,5
SES5931,23.04,3,10,1,1,21,UK,Desktop,383.53,PayPal,1
SES5932,35.91,2,10,9,5,31,Germany,Mobile,1466.01,Google Pay,1
SES5933,46.74,7,8,1,1,22,UK,Desktop,491.38,Google Pay,8
SES5934,7.47,5,7,1,0,18,UK,Desktop,0,None,0
SES5935,11.46,6,4,3,2,59,Canada,Desktop,686.33,Google Pay,5
SES5936,17.5,15,6,5,0,48,UK,Tablet,0,None,0
SES5937,29.01,12,6,4,4,61,Canada,Desktop,1813.53,Apple Pay,1
SES5938,30.55,15,9,4,4,38,Canada,Desktop,1319.03,Apple Pay,10
SES5939,26.59,13,4,0,0,43,India,Mobile,0,None,0
SES5940,56.34,7,2,0,0,63,USA,Desktop,0,None,0
SES5941,59.36,8,2,2,1,48,India,Tablet,448.42,PayPal,1
SES5942,52.13,10,4,2,0,29,UK,Desktop,0,None,0
SES5943,8.28,11,1,1,0,22,USA,Tablet,0,None,0
SES5944,58.46,12,8,4,2,49,USA,Desktop,780.67,PayPal,6
SES5945,58.82,4,2,2,1,33,Canada,Mobile,469.82,Credit Card,3
SES5946,5.81,3,9,8,4,50,UK,Desktop,1673.36,Apple Pay,5
SES5947,55.98,3,6,1,0,53,Germany,Desktop,0,None,0
SES5948,41.72,7,1,1,1,58,UK,Desktop,241.62,PayPal,4
SES5949,7.64,13,10,9,8,46,USA,Desktop,1372.73,Credit Card,6
SES5950,31.17,8,1,0,0,33,Canada,Tablet,0,None,0
SES5951,26.33,14,3,2,1,61,India,Desktop,372.32,PayPal,2
SES5952,19.62,5,9,5,3,63,Canada,Mobile,488.52,Google Pay,7
SES5953,41.39,1,5,1,1,31,USA,Desktop,358.49,Credit Card,8
SES5954,34.92,4,4,3,3,38,UK,Mobile,1472.9,Google Pay,2
SES5955,11.76,4,6,2,0,39,Germany,Mobile,0,None,0
SES5956,21.62,10,6,1,0,54,USA,Desktop,0,None,0
SES5957,36.01,4,8,8,7,26,India,Tablet,378.2,Apple Pay,8
SES5958,10.02,3,10,1,1,32,Canada,Desktop,71.95,Credit Card,1
SES5959,39,3,10,8,5,31,Germany,Desktop,1403.07,Google Pay,4
SES5960,21.51,1,10,4,4,25,Canada,Mobile,1468.64,Apple Pay,7
SES5961,6.04,6,9,5,2,56,Germany,Mobile,569.56,PayPal,10
SES5962,45.56,3,5,3,2,49,Canada,Desktop,117,Credit Card,3
SES5963,23.29,7,3,2,0,62,Germany,Desktop,0,None,0
SES5964,34.16,9,7,5,3,52,USA,Desktop,429.03,Apple Pay,8
SES5965,1.51,13,5,0,0,50,Germany,Mobile,0,None,0
SES5966,25.85,3,4,3,3,53,USA,Tablet,202.08,Google Pay,6
SES5967,24.64,14,7,6,2,38,India,Mobile,936.79,Apple Pay,4
SES5968,10.7,14,8,1,0,58,India,Tablet,0,None,0
SES5969,15.72,12,6,1,0,34,India,Tablet,0,None,0
SES5970,19.28,10,7,6,6,54,UK,Desktop,566.69,Apple Pay,3
SES5971,31.17,3,4,1,1,18,UK,Mobile,160.32,PayPal,2
SES5972,43.02,3,3,2,1,62,India,Tablet,367.73,PayPal,4
SES5973,42.31,15,4,4,3,49,USA,Mobile,886.98,Credit Card,3
SES5974,20.16,2,2,1,0,44,Canada,Tablet,0,None,0
SES5975,12.21,2,3,1,0,60,Canada,Desktop,0,None,0
SES5976,20.66,2,8,6,5,41,India,Desktop,2459.21,PayPal,10
SES5977,20.87,4,8,5,4,50,USA,Tablet,1492.89,Google Pay,2
SES5978,9.89,10,9,3,2,51,India,Desktop,674.71,Google Pay,1
SES5979,12.59,14,4,3,1,29,UK,Tablet,449.84,Apple Pay,6
SES5980,7.58,11,8,4,3,43,Germany,Mobile,754.16,Credit Card,3
SES5981,54.54,10,9,4,1,45,USA,Tablet,439.7,Apple Pay,3
SES5982,35.24,10,8,7,3,48,USA,Tablet,640.28,Apple Pay,2
SES5983,23.76,13,6,0,0,20,UK,Mobile,0,None,0
SES5984,41.59,11,4,1,1,63,Germany,Tablet,274.18,Apple Pay,10
SES5985,42.78,6,10,0,0,54,India,Desktop,0,None,0
SES5986,17.57,6,7,2,2,34,India,Tablet,130.79,Google Pay,3
SES5987,8.19,7,1,1,0,50,USA,Mobile,0,None,0
SES5988,14.35,2,5,5,2,19,USA,Mobile,337.07,Google Pay,10
SES5989,22.12,11,4,3,0,61,Canada,Tablet,0,None,0
SES5990,8.36,7,10,10,6,23,India,Desktop,1727.49,Google Pay,5
SES5991,46.77,9,10,6,5,26,India,Mobile,1169.24,Apple Pay,4
SES5992,25.15,7,8,8,8,46,India,Tablet,441.2,Apple Pay,8
SES5993,41.68,6,10,2,0,42,Canada,Desktop,0,None,0
SES5994,2.1,14,6,4,4,55,Germany,Desktop,1768.42,Credit Card,3
SES5995,28.16,9,3,2,0,52,Canada,Desktop,0,None,0
SES5996,38.49,6,9,0,0,51,Germany,Desktop,0,None,0
SES5997,29.21,15,10,3,3,29,Canada,Tablet,296.07,Credit Card,1
SES5998,11.29,2,9,2,2,54,Canada,Tablet,227.41,Google Pay,2
SES5999,51.18,15,1,1,0,64,UK,Tablet,0,None,0
